{"data": [{"id": 0, "len": 1, "bounds": [{"SW": [116.30572300068953, 39.87700047700048], "NE": [116.31156637488752, 39.88150048150048]}], "value": 0.866666666667}, {"id": 1, "len": 2, "bounds": [{"SW": [116.63295195577734, 40.115500715500716], "NE": [116.63879532997535, 40.12000072000072]}, {"SW": [116.63879532997535, 40.115500715500716], "NE": [116.64463870417335, 40.12000072000072]}], "value": 0.866666666667}]}